id,intervention,arg_id,cq,cq,label,old_labeling
CL_8,"Doesn’t it worry you at all that you're taking advantage of people when they are really in no position to negotiate?
They have absolutely very little choice except to take the terms that are being offered to them",30811_30808,How does the allegation made affect the reliability of money borrowers?,How does the allegation made affect the reliability of money borrowers?,none,
CL_8,"Doesn’t it worry you at all that you're taking advantage of people when they are really in no position to negotiate?
They have absolutely very little choice except to take the terms that are being offered to them",30811_30808,Is the reliability of money borrowers relevant in the current dialogue?,Is the reliability of money borrowers relevant in the current dialogue?,none,
MT_14,"We have indeed required those products to have very large warnings on them, telling people about their salt and fat content
And we don’t allow them to say things which are misleading
We don’t allow fatty products to say they're healthy
I've got in front of me a letter from a credit card company
There are two figures on this letter which really stand out: 0% per annum new balance transfers, 0% per annum new money transfers
Now, underneath that, in small print, it becomes absolutely clear that you’ll be paying all sorts of charges
And then very, very quickly you’ll be lured into paying a very large charge
Do you think it’s responsible to encourage people to mis-read something like that?
I’ve got all the information there in front of me
Why is that irresponsible?",30899_30903,How strong is the generalisation that if all sort of charges are written in small print then people being lured into paying a very large charge?,How strong is the generalisation that if all sorts of charges are written in small print then people will be lured into paying a very large charge?,edited,
MT_14,"We have indeed required those products to have very large warnings on them, telling people about their salt and fat content
And we don’t allow them to say things which are misleading
We don’t allow fatty products to say they're healthy
I've got in front of me a letter from a credit card company
There are two figures on this letter which really stand out: 0% per annum new balance transfers, 0% per annum new money transfers
Now, underneath that, in small print, it becomes absolutely clear that you’ll be paying all sorts of charges
And then very, very quickly you’ll be lured into paying a very large charge
Do you think it’s responsible to encourage people to mis-read something like that?
I’ve got all the information there in front of me
Why is that irresponsible?",30899_30903,Are there other factors in this particular case that could have interfered with the event of 'people being lured into paying a very large charge'?,Are there other factors in this particular case that could have interfered with the event of 'people being lured into paying a very large charge'?,none,
ND_19,"But how can you say that
when the lenders are actually the banks, that are at the pinnacle of our society?
And indeed the debts that are owed now, by us as a country, even if not individually, are a result of the fact that the banks have got off Scot free
There is absolute impunity for lenders at that level.",32500_32949,Does lenders are being under-rewarded imply banks not being punished for their wrong-doing?,Does lenders are being under-rewarded imply banks not being punished for their wrong-doing?,wrong,
ND_19,"But how can you say that
when the lenders are actually the banks, that are at the pinnacle of our society?
And indeed the debts that are owed now, by us as a country, even if not individually, are a result of the fact that the banks have got off Scot free
There is absolute impunity for lenders at that level.",32500_32949,"Can the practical inconsistency between ND's commitments and ""banks not being punished for their wrong-doing"" be identified? Can it be shown by evidence? Could it be explained by further dialogue?","Can the practical inconsistency between ND's commitments and ""banks not being punished for their wrong-doing"" be identified? Can it be shown by evidence? Could it be explained by further dialogue?",wrong,
ND_19,"But how can you say that
when the lenders are actually the banks, that are at the pinnacle of our society?
And indeed the debts that are owed now, by us as a country, even if not individually, are a result of the fact that the banks have got off Scot free
There is absolute impunity for lenders at that level.",32500_32949,"Does the inconsistency between ND's commitments and ""banks not being punished for their wrong-doing"" result in a decrease of credibility for ND? Does ND's argument depend in its credibility in this context?","Does the inconsistency between ND's commitments and ""banks not being punished for their wrong-doing"" result in a decrease of credibility for ND? Does ND's argument depend in its credibility in this context?",wrong,
MP_22,"Well, you say the banks are the lenders
there are lots of other people who are lenders too
I mean everyone who puts money into a bank, or a building society, is putting it there so that the bank can lend it on
I mean you just heard Simon Rose say
there’s been 100 billion pounds transfer from savers to borrowers
So if you're going to raise your banner for anybody who’s doing badly in this situation, I would have thought you might have raised it for savers, in the first instance",32969_32970,Is Simon Rose a genuine expert in economy?,Is Simon Rose a genuine expert in economy?,none,
MP_22,"Well, you say the banks are the lenders
there are lots of other people who are lenders too
I mean everyone who puts money into a bank, or a building society, is putting it there so that the bank can lend it on
I mean you just heard Simon Rose say
there’s been 100 billion pounds transfer from savers to borrowers
So if you're going to raise your banner for anybody who’s doing badly in this situation, I would have thought you might have raised it for savers, in the first instance",32969_32970,Did Simon Rose really assert that there’s been 100 billion pounds transfer from savers to borrowers?,Did Simon Rose really assert that there’s been 100 billion pounds transfer from savers to borrowers?,none,
MP_22,"Well, you say the banks are the lenders
there are lots of other people who are lenders too
I mean everyone who puts money into a bank, or a building society, is putting it there so that the bank can lend it on
I mean you just heard Simon Rose say
there’s been 100 billion pounds transfer from savers to borrowers
So if you're going to raise your banner for anybody who’s doing badly in this situation, I would have thought you might have raised it for savers, in the first instance",32969_32970,"Is Simon Rose's pronouncement directly quoted? If not, is a reference to the original source given? Can it be checked?","Is Simon Rose's pronouncement directly quoted? If not, is a reference to the original source given? Can it be checked?",none,
MP_22,"Well, you say the banks are the lenders
there are lots of other people who are lenders too
I mean everyone who puts money into a bank, or a building society, is putting it there so that the bank can lend it on
I mean you just heard Simon Rose say
there’s been 100 billion pounds transfer from savers to borrowers
So if you're going to raise your banner for anybody who’s doing badly in this situation, I would have thought you might have raised it for savers, in the first instance",32969_32970,"If Simon Rose's advice is not quoted, does it look like important information or qualifications may have been left out?","If Simon Rose's advice is not quoted, does it look like important information or qualifications may have been left out?",none,
MP_22,"Well, you say the banks are the lenders
there are lots of other people who are lenders too
I mean everyone who puts money into a bank, or a building society, is putting it there so that the bank can lend it on
I mean you just heard Simon Rose say
there’s been 100 billion pounds transfer from savers to borrowers
So if you're going to raise your banner for anybody who’s doing badly in this situation, I would have thought you might have raised it for savers, in the first instance",32969_32970,Is what Simon Rose said clear? Are there technical terms used that are not explained clearly?,Is what Simon Rose said clear? Are there technical terms used that are not explained clearly?,none,
MP_22,"Well, you say the banks are the lenders
there are lots of other people who are lenders too
I mean everyone who puts money into a bank, or a building society, is putting it there so that the bank can lend it on
I mean you just heard Simon Rose say
there’s been 100 billion pounds transfer from savers to borrowers
So if you're going to raise your banner for anybody who’s doing badly in this situation, I would have thought you might have raised it for savers, in the first instance",32969_32970,Is there’s been 100 billion pounds transfer from savers to borrowers relevant to domain economy?,Is the fact that 100 billion pounds have been transfered from savers to borrowers relevant to domain economy?,edited,
MP_22,"Well, you say the banks are the lenders
there are lots of other people who are lenders too
I mean everyone who puts money into a bank, or a building society, is putting it there so that the bank can lend it on
I mean you just heard Simon Rose say
there’s been 100 billion pounds transfer from savers to borrowers
So if you're going to raise your banner for anybody who’s doing badly in this situation, I would have thought you might have raised it for savers, in the first instance",32969_32970,Is there’s been 100 billion pounds transfer from savers to borrowers consistent with what other experts in economy say?,Is the fact that there have been 100 billion pounds transfered from savers to borrowers consistent with what other experts in economy say?,edited,
MP_22,"Well, you say the banks are the lenders
there are lots of other people who are lenders too
I mean everyone who puts money into a bank, or a building society, is putting it there so that the bank can lend it on
I mean you just heard Simon Rose say
there’s been 100 billion pounds transfer from savers to borrowers
So if you're going to raise your banner for anybody who’s doing badly in this situation, I would have thought you might have raised it for savers, in the first instance",32969_32970,Is there’s been 100 billion pounds transfer from savers to borrowers consistent with known evidence in economy?,Is the fact that there have been 100 billion pounds transfered from savers to borrowers consistent with known evidence in economy?,edited,
ND_23," I think in the current situation that both savers and borrowers, if you're talking about individual people, are doing extremely badly
many people are unable to make ends meet and are having to take debt out at huge levels of interest
On the other hand, savers are earning nothing in interest
And what this needs is not simply us putting moral blame on one side or the other
but actually putting moral blame on a set of economic policies and political decisions that have led to credit liberalisation.",33026_33029,Are there other relevant goals that conflict with not putting moral blame on one side or the other?,Are there other relevant goals that conflict with not putting moral blame on one side or the other?,none,
ND_23," I think in the current situation that both savers and borrowers, if you're talking about individual people, are doing extremely badly
many people are unable to make ends meet and are having to take debt out at huge levels of interest
On the other hand, savers are earning nothing in interest
And what this needs is not simply us putting moral blame on one side or the other
but actually putting moral blame on a set of economic policies and political decisions that have led to credit liberalisation.",33026_33029,"Are there alternative actions to realizing that in the current situation, both savers and borrowers are doing extremely badly to achieve not putting moral blame on one side or the other? If so, which is the most efficient action?","Are there alternative actions to realizing that, in the current situation, both savers and borrowers are doing extremely badly to achieve the goal of not putting moral blame on one side or the other? If so, which is the most efficient action?",edited,
ND_23," I think in the current situation that both savers and borrowers, if you're talking about individual people, are doing extremely badly
many people are unable to make ends meet and are having to take debt out at huge levels of interest
On the other hand, savers are earning nothing in interest
And what this needs is not simply us putting moral blame on one side or the other
but actually putting moral blame on a set of economic policies and political decisions that have led to credit liberalisation.",33026_33029,"Could realizing that in the current situation, both savers and borrowers are doing extremely badly have consequences that we should take into account? Is it practically possible?","Could realizing that, in the current situation, both savers and borrowers are doing extremely badly have consequences that we should take into account? Is it practically possible?",edited,
MP_24,"But why are borrowers doing badly?
I mean on the one hand interest rates are being kept really low, in order that borrowers won’t bear the consequences of their foolish borrowing
And then again, not many people have been driven out of the houses on which they can’t afford to maintain their payments
the banks are so terrified that if they crystallise the debts their balance sheets will be insupportable
actually, people have run up lots of debt, are paying very low rates of interest, and they’re able to continue to live in houses that they can’t afford to pay for",33052_33051,"If banks crystalise the debts, will their balance sheets will be insupportable occur? What evidence supports this claim? How likely are the consequences?","If banks crystalise the debts, will their balance sheets be insupportable? What evidence supports this claim? How likely are the consequences?",edited,
MP_24,"But why are borrowers doing badly?
I mean on the one hand interest rates are being kept really low, in order that borrowers won’t bear the consequences of their foolish borrowing
And then again, not many people have been driven out of the houses on which they can’t afford to maintain their payments
the banks are so terrified that if they crystallise the debts their balance sheets will be insupportable
actually, people have run up lots of debt, are paying very low rates of interest, and they’re able to continue to live in houses that they can’t afford to pay for",33052_33051,What other consequences should also be taken into account if not banks crystalise the debts?,What other consequences should also be taken into account if banks do not crystalise the debts?,edited,
CF_29,"Yes, but what I'm saying is we shouldn’t encourage it for ourselves either
That’s my point.
And then finally, if I could just ask you, there’s a danger I think when you kind of say, “The poor are the ones who suffer. The rich are the bad guys.”
It is the case that some of the greatest examples of social progress over the years have come from well-off rich people, banks and so on, investing productively
Isn’t the problem that the only thing the banks have done is kind of consumer credit?
What they should have been doing, what they could be doing, and what they haven’t got the nerve to do, is not loaning enough
They should actually be taking more risk and giving more money out",33364_33366,Are there other relevant goals that conflict with making banks invest productively?,Are there other relevant goals that conflict with making banks invest productively?,none,
CF_29,"Yes, but what I'm saying is we shouldn’t encourage it for ourselves either
That’s my point.
And then finally, if I could just ask you, there’s a danger I think when you kind of say, “The poor are the ones who suffer. The rich are the bad guys.”
It is the case that some of the greatest examples of social progress over the years have come from well-off rich people, banks and so on, investing productively
Isn’t the problem that the only thing the banks have done is kind of consumer credit?
What they should have been doing, what they could be doing, and what they haven’t got the nerve to do, is not loaning enough
They should actually be taking more risk and giving more money out",33364_33366,"Are there alternative actions to making banks take more risk and give more money out to achieve making banks invest productively? If so, which is the most efficient action?","Are there alternative actions to making banks take more risk and give more money out to achieve making banks invest productively? If so, which is the most efficient action?",none,
CF_29,"Yes, but what I'm saying is we shouldn’t encourage it for ourselves either
That’s my point.
And then finally, if I could just ask you, there’s a danger I think when you kind of say, “The poor are the ones who suffer. The rich are the bad guys.”
It is the case that some of the greatest examples of social progress over the years have come from well-off rich people, banks and so on, investing productively
Isn’t the problem that the only thing the banks have done is kind of consumer credit?
What they should have been doing, what they could be doing, and what they haven’t got the nerve to do, is not loaning enough
They should actually be taking more risk and giving more money out",33364_33366,Could making banks take more risk and give more money out have consequences that we should take into account? Is it practically possible?,Could making banks take more risk and give more money out have consequences that we should take into account? Is it practically possible?,none,
CF_32,"For productive investments
So therefore stop attacking them and actually suggest that we want the rich to do something productive",33445_33446,Are there other relevant goals that conflict with the rich doing something productive?,Are there other relevant goals that conflict with the rich doing productive investments?,edited,
CF_32,"For productive investments
So therefore stop attacking them and actually suggest that we want the rich to do something productive",33445_33446,"Are there alternative actions to stop attacking them to achieve the rich doing something productive? If so, which is the most efficient action?","Are there alternative actions to stop attacking them to achieve that the rich do productive investments? If so, which is the most efficient action?",edited,
CF_32,"For productive investments
So therefore stop attacking them and actually suggest that we want the rich to do something productive",33445_33446,Could stop attacking them have consequences that we should take into account? Is it practically possible?,Could stop attacking the rich have consequences that we should take into account? Is it practically possible?,edited,
JW_35,"JW has got a rather nuanced view, that the way they're mis-used can have morally damaging consequences
Well, debt is morally neutral in the sense that it can be good to be in debt
 Sometimes it’s a good idea, and sometimes it’s a bad idea
And so I think there’s been broad agreement about that in the discussion so far
The question is why is there too much debt?
 Why are people taking on too much debt?
 this one is the elaboration of the previous question Now,
a lot of people come up with rather glib moral answers: somehow bankers want them to get into excessive debt
 which is a very peculiar idea, when you think that it’s the bankers who aren’t going to get repaid. So it’s a very odd idea
there’s too much debt for the same reason that there are too many unmarried mothers, and for the same reason that you get an overproduction of sheep.",33497_33495,What evidence supports that debt is morally neutral in the sense that it can be good to be in debt is generally accepted as true?,What evidence supports that it is generally accepted that debt is morally neutral in the sense that it can be good to be in debt?,edited,
JW_35,"JW has got a rather nuanced view, that the way they're mis-used can have morally damaging consequences
Well, debt is morally neutral in the sense that it can be good to be in debt
 Sometimes it’s a good idea, and sometimes it’s a bad idea
And so I think there’s been broad agreement about that in the discussion so far
The question is why is there too much debt?
 Why are people taking on too much debt?
 this one is the elaboration of the previous question Now,
a lot of people come up with rather glib moral answers: somehow bankers want them to get into excessive debt
 which is a very peculiar idea, when you think that it’s the bankers who aren’t going to get repaid. So it’s a very odd idea
there’s too much debt for the same reason that there are too many unmarried mothers, and for the same reason that you get an overproduction of sheep.",33497_33495,"Even if debt is morally neutral in the sense that it can be good to be in debt is generally accepted as true, are there any good reasons for doubting that it is true?","Even if debt is morally neutral in the sense that it can be good to be in debt is generally accepted as true, are there any good reasons for doubting that it is true?",none,
MT_40,"I don’t think you just said the opposite of them was neutral
So if they're virtues, doesn’t that imply that the opposite of thrift and prudence is immoral?
But, hold on
Isn’t it simply the case that buying a cup of coffee is something which is substantially less demanding than working up a long-term interest rate?
Therefore isn’t it a reasonable thing for the state to intervene in those cases
because the knowledge is bounded?",33827_33820,Are there other relevant goals that conflict with protecting people who does not have enough knowledge to work up how their loan should be?,Are there other relevant goals that conflict with protecting people who does not have enough knowledge to work up how their loan should be?,none,
MT_40,"I don’t think you just said the opposite of them was neutral
So if they're virtues, doesn’t that imply that the opposite of thrift and prudence is immoral?
But, hold on
Isn’t it simply the case that buying a cup of coffee is something which is substantially less demanding than working up a long-term interest rate?
Therefore isn’t it a reasonable thing for the state to intervene in those cases
because the knowledge is bounded?",33827_33820,"Are there alternative actions to the state intervening to achieve protecting people who does not have enough knowledge to work up how their loan should be? If so, which is the most efficient action?","Are there alternative actions to the state intervening to achieve the goal of protecting people who does not have enough knowledge to work up how their loan should be? If so, which is the most efficient action?",edited,
MT_40,"I don’t think you just said the opposite of them was neutral
So if they're virtues, doesn’t that imply that the opposite of thrift and prudence is immoral?
But, hold on
Isn’t it simply the case that buying a cup of coffee is something which is substantially less demanding than working up a long-term interest rate?
Therefore isn’t it a reasonable thing for the state to intervene in those cases
because the knowledge is bounded?",33827_33820,Could the state intervening have consequences that we should take into account? Is it practically possible?,Could the state intervening have consequences that we should take into account? Is it practically possible?,none,
MT_40,"I don’t think you just said the opposite of them was neutral
So if they're virtues, doesn’t that imply that the opposite of thrift and prudence is immoral?
But, hold on
Isn’t it simply the case that buying a cup of coffee is something which is substantially less demanding than working up a long-term interest rate?
Therefore isn’t it a reasonable thing for the state to intervene in those cases
because the knowledge is bounded?",33819_33820,Are there other relevant goals that conflict with preventing people to mess up when working up a long-term interest rate?,Are there other relevant goals that conflict with preventing people to mess up when working up a long-term interest rate?,none,
MT_40,"I don’t think you just said the opposite of them was neutral
So if they're virtues, doesn’t that imply that the opposite of thrift and prudence is immoral?
But, hold on
Isn’t it simply the case that buying a cup of coffee is something which is substantially less demanding than working up a long-term interest rate?
Therefore isn’t it a reasonable thing for the state to intervene in those cases
because the knowledge is bounded?",33819_33820,"Are there alternative actions to the state intervene in those cases to achieve preventing people to mess up when working up a long-term interest rate? If so, which is the most efficient action?","Are there alternative actions to the state intervene in those cases to achieve the goal of preventing people to mess up when working up a long-term interest rate? If so, which is the most efficient action?",edited,
MT_40,"I don’t think you just said the opposite of them was neutral
So if they're virtues, doesn’t that imply that the opposite of thrift and prudence is immoral?
But, hold on
Isn’t it simply the case that buying a cup of coffee is something which is substantially less demanding than working up a long-term interest rate?
Therefore isn’t it a reasonable thing for the state to intervene in those cases
because the knowledge is bounded?",33819_33820,Could the state intervene in those cases have consequences that we should take into account? Is it practically possible?,Could the intervention of the state in those cases have consequences that we should take into account? Is it practically possible?,edited,
MT_45,"Claire’s absolutely right about that
But then the problem is that that form of capitalism wasn’t generating sufficient surpluses
And so therefore where did the money flow
It didn’t flow into those industrial activities
 because in the developed world that wasn’t making enough money",33897_33896,How strong is the generalisation that if that form of capitalism was not making enough money in the developed world then the money did not flow into those industrial activities?,How strong is the generalisation that if a form of capitalism is not generating enough surpluses then the money will not flow into industrial activities?,edited,
MT_45,"Claire’s absolutely right about that
But then the problem is that that form of capitalism wasn’t generating sufficient surpluses
And so therefore where did the money flow
It didn’t flow into those industrial activities
 because in the developed world that wasn’t making enough money",33897_33896,Are there other factors in this particular case that could have interfered with the event of 'the money did not flow into those industrial activities'?,Are there other factors in this particular case that could have interfered with the event of 'the money not flowing into industrial activities'?,edited,
MT_45,"Claire’s absolutely right about that
But then the problem is that that form of capitalism wasn’t generating sufficient surpluses
And so therefore where did the money flow
It didn’t flow into those industrial activities
 because in the developed world that wasn’t making enough money",33894_33896,How strong is the generalisation that if that form of capitalism wasn't generating sufficient surpluses then the money did not flow into industrial activities?,How strong is the generalisation that if a form of capitalism is not generating enough surpluses then the money will not flow into industrial activities?,edited,
MT_45,"Claire’s absolutely right about that
But then the problem is that that form of capitalism wasn’t generating sufficient surpluses
And so therefore where did the money flow
It didn’t flow into those industrial activities
 because in the developed world that wasn’t making enough money",33894_33896,Are there other factors in this particular case that could have interfered with the event of 'the money did not flow into industrial activities'?,Are there other factors in this particular case that could have interfered with the event of 'the money not flowing into industrial activities'?,edited,
CF_46,"Yes, but I'm suggesting that that was a political strategy, a way of covering things up
All I'm saying is that I think the people who took the sub-prime mortgages were the beneficiaries – and now the sufferers – of what I was saying is a policy
When you think about it now, I actually find it frustrating when I'm trying to talk to people about the real state the economy is in
And people sort of assume like everything can just carry on, and all that you need is a kind of credit based consumer thing
“Well, do we have to have cuts? Do we have to have this? Do we have to have that?”
And you do actually want to say, “Money doesn’t grow on trees.”",33943_33947,How strong is the generalisation that if people took the sub-primer mortgages then they were the beneficiaries (and now the sufferers) of a policy?,How strong is the generalisation that if people have taken the sub-primer mortgages then they were the beneficiaries (and now the sufferers) of this policy?,edited,
CF_46,"Yes, but I'm suggesting that that was a political strategy, a way of covering things up
All I'm saying is that I think the people who took the sub-prime mortgages were the beneficiaries – and now the sufferers – of what I was saying is a policy
When you think about it now, I actually find it frustrating when I'm trying to talk to people about the real state the economy is in
And people sort of assume like everything can just carry on, and all that you need is a kind of credit based consumer thing
“Well, do we have to have cuts? Do we have to have this? Do we have to have that?”
And you do actually want to say, “Money doesn’t grow on trees.”",33943_33947,Are there other factors in this particular case that could have interfered with the event of 'they were the beneficiaries (and now the sufferers) of a policy'?,Are there other factors in this particular case that could have interfered with the event of 'they were the beneficiaries (and now the sufferers) of the policy'?,edited,
MP_48,"	I think it’s very interesting that capitalism is coming under such a lot of attack here
And I don’t say that’s inappropriate
But we haven’t yet attacked democracy
I mean one of the things that strikes me about this is that when you have incumbent governments, and they see that consumer credit boom mushrooming and mushrooming, what do they do?
They don’t want to stop it
They don’t want to stop it, because they want voters.
They want voters who feel artificially rich
because voters who feel artificially rich will probably vote for the incumbent",33985_33984,How strong is the generalisation that if they want voters then they don't want to stop the consumer credit?,"How strong is the generalisation that, since the governments want voters, they don't want to stop the consumer credit?",edited,
MP_48,"	I think it’s very interesting that capitalism is coming under such a lot of attack here
And I don’t say that’s inappropriate
But we haven’t yet attacked democracy
I mean one of the things that strikes me about this is that when you have incumbent governments, and they see that consumer credit boom mushrooming and mushrooming, what do they do?
They don’t want to stop it
They don’t want to stop it, because they want voters.
They want voters who feel artificially rich
because voters who feel artificially rich will probably vote for the incumbent",33985_33984,Are there other factors in this particular case that could have interfered with the event of 'they don't want to stop the consumer credit'?,Are there other factors in this particular case that could have interfered with the event of 'the governments don't want to stop the consumer credit'?,edited,
MP_48,"	I think it’s very interesting that capitalism is coming under such a lot of attack here
And I don’t say that’s inappropriate
But we haven’t yet attacked democracy
I mean one of the things that strikes me about this is that when you have incumbent governments, and they see that consumer credit boom mushrooming and mushrooming, what do they do?
They don’t want to stop it
They don’t want to stop it, because they want voters.
They want voters who feel artificially rich
because voters who feel artificially rich will probably vote for the incumbent",33987_33986,How strong is the generalisation that if voters feel artificially rich then voters will probably vote for the incumbent?,How strong is the generalisation that if voters feel artificially rich then voters will probably vote for the incumbent government?,edited,
MP_48,"	I think it’s very interesting that capitalism is coming under such a lot of attack here
And I don’t say that’s inappropriate
But we haven’t yet attacked democracy
I mean one of the things that strikes me about this is that when you have incumbent governments, and they see that consumer credit boom mushrooming and mushrooming, what do they do?
They don’t want to stop it
They don’t want to stop it, because they want voters.
They want voters who feel artificially rich
because voters who feel artificially rich will probably vote for the incumbent",33987_33986,Are there other factors in this particular case that could have interfered with the event of 'voters will probably vote for the incumbent'?,Are there other factors in this particular case that could have interfered with the event of 'voters will probably vote for the incumbent government'?,edited,
MP_48,"	I think it’s very interesting that capitalism is coming under such a lot of attack here
And I don’t say that’s inappropriate
But we haven’t yet attacked democracy
I mean one of the things that strikes me about this is that when you have incumbent governments, and they see that consumer credit boom mushrooming and mushrooming, what do they do?
They don’t want to stop it
They don’t want to stop it, because they want voters.
They want voters who feel artificially rich
because voters who feel artificially rich will probably vote for the incumbent",33986_33984,How strong is the generalisation that if they don't want to stop the incumbent then they want voters who feel artificially rich?,"How strong is the generalisation that if the government don't want people to stop voting them, then they want voters who feel artificially rich?",edited,
MP_48,"	I think it’s very interesting that capitalism is coming under such a lot of attack here
And I don’t say that’s inappropriate
But we haven’t yet attacked democracy
I mean one of the things that strikes me about this is that when you have incumbent governments, and they see that consumer credit boom mushrooming and mushrooming, what do they do?
They don’t want to stop it
They don’t want to stop it, because they want voters.
They want voters who feel artificially rich
because voters who feel artificially rich will probably vote for the incumbent",33986_33984,Are there other factors in this particular case that could have interfered with the event of 'they want voters who feel artificially rich'?,Are there other factors in this particular case that could have interfered with the event of 'they want voters who feel artificially rich'?,none,
MT_53,"And I think that also though goes back to the state of the economy
Because the fact is, if living standards aren’t going up what you do is you let people borrow money
because it keeps them happy
Because the fundamentals of the economy aren’t generating what you want. But going back to a personal level
I do believe that as a society we had created a set of social norms and values which protected us from our innate short-termism
Human beings are not very good at the long-term
And I think the dismantling of those social norms, and those laws, have made us vulnerable
And I think this is a classic case for moral paternalism",34074_34073,How strong is the generalisation that if the fundamentals of the economy are generating what you want then borrowing money keeps people happy in the short-term?,How strong is the generalisation that if the fundamentals of the economy aren't generating what you want then borrowing money keeps people happy in the short-term?,edited,
MT_53,"And I think that also though goes back to the state of the economy
Because the fact is, if living standards aren’t going up what you do is you let people borrow money
because it keeps them happy
Because the fundamentals of the economy aren’t generating what you want. But going back to a personal level
I do believe that as a society we had created a set of social norms and values which protected us from our innate short-termism
Human beings are not very good at the long-term
And I think the dismantling of those social norms, and those laws, have made us vulnerable
And I think this is a classic case for moral paternalism",34074_34073,Are there other factors in this particular case that could have interfered with the event of 'borrowing money keeps people happy in the short-term'?,Are there other factors in this particular case that could have interfered with the event of 'borrowing money keeps people happy in the short-term'?,none,
MT_53,"And I think that also though goes back to the state of the economy
Because the fact is, if living standards aren’t going up what you do is you let people borrow money
because it keeps them happy
Because the fundamentals of the economy aren’t generating what you want. But going back to a personal level
I do believe that as a society we had created a set of social norms and values which protected us from our innate short-termism
Human beings are not very good at the long-term
And I think the dismantling of those social norms, and those laws, have made us vulnerable
And I think this is a classic case for moral paternalism",34072_34071,How strong is the generalisation that if people are borrowing money then living standards are not going up?,How strong is the generalisation that if people aren't borrowing money then living standards are not going up?,edited,
MT_53,"And I think that also though goes back to the state of the economy
Because the fact is, if living standards aren’t going up what you do is you let people borrow money
because it keeps them happy
Because the fundamentals of the economy aren’t generating what you want. But going back to a personal level
I do believe that as a society we had created a set of social norms and values which protected us from our innate short-termism
Human beings are not very good at the long-term
And I think the dismantling of those social norms, and those laws, have made us vulnerable
And I think this is a classic case for moral paternalism",34072_34071,Are there other factors in this particular case that could have interfered with the event of 'living standards are not going up'?,Are there other factors in this particular case that could have interfered with the event of 'living standards are not going up'?,none,
MT_53,"And I think that also though goes back to the state of the economy
Because the fact is, if living standards aren’t going up what you do is you let people borrow money
because it keeps them happy
Because the fundamentals of the economy aren’t generating what you want. But going back to a personal level
I do believe that as a society we had created a set of social norms and values which protected us from our innate short-termism
Human beings are not very good at the long-term
And I think the dismantling of those social norms, and those laws, have made us vulnerable
And I think this is a classic case for moral paternalism",34075_34077,How strong is the generalisation that if we dismantle the social norms and values which protected us from our innate short-termism then we become vulnerable?,How strong is the generalisation that if we dismantle the social norms and values which protected us from our innate short-termism then we become vulnerable?,none,
MT_53,"And I think that also though goes back to the state of the economy
Because the fact is, if living standards aren’t going up what you do is you let people borrow money
because it keeps them happy
Because the fundamentals of the economy aren’t generating what you want. But going back to a personal level
I do believe that as a society we had created a set of social norms and values which protected us from our innate short-termism
Human beings are not very good at the long-term
And I think the dismantling of those social norms, and those laws, have made us vulnerable
And I think this is a classic case for moral paternalism",34075_34077,Are there other factors in this particular case that could have interfered with the event of 'we become vulnerable'?,Are there other factors in this particular case that could have interfered with the event of 'we become vulnerable'?,none,
MT_53,"And I think that also though goes back to the state of the economy
Because the fact is, if living standards aren’t going up what you do is you let people borrow money
because it keeps them happy
Because the fundamentals of the economy aren’t generating what you want. But going back to a personal level
I do believe that as a society we had created a set of social norms and values which protected us from our innate short-termism
Human beings are not very good at the long-term
And I think the dismantling of those social norms, and those laws, have made us vulnerable
And I think this is a classic case for moral paternalism",34076_34077,How strong is the generalisation that if the social norms that prevent people from their innate short-termism are dismantled then humans become vulnerable towards long-termism?,How strong is the generalisation that if the social norms that prevent people from their innate short-termism are dismantled then humans become vulnerable towards long-termism?,none,
MT_53,"And I think that also though goes back to the state of the economy
Because the fact is, if living standards aren’t going up what you do is you let people borrow money
because it keeps them happy
Because the fundamentals of the economy aren’t generating what you want. But going back to a personal level
I do believe that as a society we had created a set of social norms and values which protected us from our innate short-termism
Human beings are not very good at the long-term
And I think the dismantling of those social norms, and those laws, have made us vulnerable
And I think this is a classic case for moral paternalism",34076_34077,Are there other factors in this particular case that could have interfered with the event of 'humans become vulnerable towards long-termism'?,Are there other factors in this particular case that could have interfered with the event of 'humans become vulnerable towards long-termism'?,none,
MT_53,"And I think that also though goes back to the state of the economy
Because the fact is, if living standards aren’t going up what you do is you let people borrow money
because it keeps them happy
Because the fundamentals of the economy aren’t generating what you want. But going back to a personal level
I do believe that as a society we had created a set of social norms and values which protected us from our innate short-termism
Human beings are not very good at the long-term
And I think the dismantling of those social norms, and those laws, have made us vulnerable
And I think this is a classic case for moral paternalism",34073_34072,How strong is the generalisation that if living standards aren't going up then you need to let people borrow money?,How strong is the generalisation that if living standards aren't going up then you need to let people borrow money?,none,
MT_53,"And I think that also though goes back to the state of the economy
Because the fact is, if living standards aren’t going up what you do is you let people borrow money
because it keeps them happy
Because the fundamentals of the economy aren’t generating what you want. But going back to a personal level
I do believe that as a society we had created a set of social norms and values which protected us from our innate short-termism
Human beings are not very good at the long-term
And I think the dismantling of those social norms, and those laws, have made us vulnerable
And I think this is a classic case for moral paternalism",34073_34072,Are there other factors in this particular case that could have interfered with the event of 'you need to let people borrow money'?,Are there other factors in this particular case that could have interfered with the event of 'you need to let people borrow money'?,none,
CL_57,"Well, both sides of the transaction suffer as a result of ignoring moral hazard
because moral hazard is a natural part of the process of lending and borrowing
And if you suppress it, then in fact you're in a situation where the wealth that you look like you're generating is fool’s gold, not real wealth at all.",34158_34156,How strong is the generalisation that if the moral hazard of borrowing and lending money is ignored then both sides of the transaction suffer?,How strong is the generalisation that if the moral hazard of borrowing and lending money is ignored then both sides of the transaction suffer?,none,
CL_57,"Well, both sides of the transaction suffer as a result of ignoring moral hazard
because moral hazard is a natural part of the process of lending and borrowing
And if you suppress it, then in fact you're in a situation where the wealth that you look like you're generating is fool’s gold, not real wealth at all.",34158_34156,Are there other factors in this particular case that could have interfered with the event of 'both sides of the transaction suffer'?,Are there other factors in this particular case that could have interfered with the event of 'both sides of the transaction suffer'?,none,
CL_57,"Well, both sides of the transaction suffer as a result of ignoring moral hazard
because moral hazard is a natural part of the process of lending and borrowing
And if you suppress it, then in fact you're in a situation where the wealth that you look like you're generating is fool’s gold, not real wealth at all.",34157_34156,How strong is the generalisation that if moral hazard is ignored then both sides of the transaction suffer?,How strong is the generalisation that if moral hazard is ignored then both sides of the transaction suffer?,none,
CL_57,"Well, both sides of the transaction suffer as a result of ignoring moral hazard
because moral hazard is a natural part of the process of lending and borrowing
And if you suppress it, then in fact you're in a situation where the wealth that you look like you're generating is fool’s gold, not real wealth at all.",34157_34156,Are there other factors in this particular case that could have interfered with the event of 'both sides of the transaction suffer'?,Are there other factors in this particular case that could have interfered with the event of 'both sides of the transaction suffer'?,none,
CF_58,"But I think you can be in a situation where you say, “We will let you write off your debts, without incurring moral hazard. But you have to have-”
...
Because bankruptcy used to be shameful. And I do think there is something in it
Otherwise you’ve got slavery.
I mean, if you get into debt, and you can never get out of it, that’s slavery
You’ve got to be able to start again.
 But you start again with some very strict rules and a stigma.
And being bankrupt wasn’t something – now, kind of, it’s almost as though people won’t take account of the fact they’ve got absolutely no money, and they're in debt, and they don’t want to pay it
Whereas I do feel a country can even say, “We’re going to go bankrupt. It’s humiliating. We’ll do it. We’ll start again. We’ll grow
One of my concerns is this demoralisation question
In this debate it seems to me, and actually the way Mr Cameron posed it, was you got a choice of being mollycoddled at home by your mum and dad, or you demand that you’re sustained by the State.
Don’t you think that we need to encourage young people to see a third way, an alternative to that?",34180_34169,"If you get into debt, will you can never get out of it and that's slavery occur? What evidence supports this claim? How likely are the consequences?","If you get into debt, will you never be able to get out of it and that's slavery? What evidence supports this claim? How likely are the consequences?",edited,
CF_58,"But I think you can be in a situation where you say, “We will let you write off your debts, without incurring moral hazard. But you have to have-”
...
Because bankruptcy used to be shameful. And I do think there is something in it
Otherwise you’ve got slavery.
I mean, if you get into debt, and you can never get out of it, that’s slavery
You’ve got to be able to start again.
 But you start again with some very strict rules and a stigma.
And being bankrupt wasn’t something – now, kind of, it’s almost as though people won’t take account of the fact they’ve got absolutely no money, and they're in debt, and they don’t want to pay it
Whereas I do feel a country can even say, “We’re going to go bankrupt. It’s humiliating. We’ll do it. We’ll start again. We’ll grow
One of my concerns is this demoralisation question
In this debate it seems to me, and actually the way Mr Cameron posed it, was you got a choice of being mollycoddled at home by your mum and dad, or you demand that you’re sustained by the State.
Don’t you think that we need to encourage young people to see a third way, an alternative to that?",34180_34169,What other consequences should also be taken into account if not you get into debt?,What other consequences should also be taken into account if you do not get into debt?,edited,
CF_58,"But I think you can be in a situation where you say, “We will let you write off your debts, without incurring moral hazard. But you have to have-”
...
Because bankruptcy used to be shameful. And I do think there is something in it
Otherwise you’ve got slavery.
I mean, if you get into debt, and you can never get out of it, that’s slavery
You’ve got to be able to start again.
 But you start again with some very strict rules and a stigma.
And being bankrupt wasn’t something – now, kind of, it’s almost as though people won’t take account of the fact they’ve got absolutely no money, and they're in debt, and they don’t want to pay it
Whereas I do feel a country can even say, “We’re going to go bankrupt. It’s humiliating. We’ll do it. We’ll start again. We’ll grow
One of my concerns is this demoralisation question
In this debate it seems to me, and actually the way Mr Cameron posed it, was you got a choice of being mollycoddled at home by your mum and dad, or you demand that you’re sustained by the State.
Don’t you think that we need to encourage young people to see a third way, an alternative to that?",34179_34169,"If there is no situation in which you can write off your debts without incurring moral hazard, will slavery occur? What evidence supports this claim? How likely are the consequences?","If there is no situation in which you can write off your debts without incurring moral hazard, will slavery occur? What evidence supports this claim? How likely are the consequences?",none,
CF_58,"But I think you can be in a situation where you say, “We will let you write off your debts, without incurring moral hazard. But you have to have-”
...
Because bankruptcy used to be shameful. And I do think there is something in it
Otherwise you’ve got slavery.
I mean, if you get into debt, and you can never get out of it, that’s slavery
You’ve got to be able to start again.
 But you start again with some very strict rules and a stigma.
And being bankrupt wasn’t something – now, kind of, it’s almost as though people won’t take account of the fact they’ve got absolutely no money, and they're in debt, and they don’t want to pay it
Whereas I do feel a country can even say, “We’re going to go bankrupt. It’s humiliating. We’ll do it. We’ll start again. We’ll grow
One of my concerns is this demoralisation question
In this debate it seems to me, and actually the way Mr Cameron posed it, was you got a choice of being mollycoddled at home by your mum and dad, or you demand that you’re sustained by the State.
Don’t you think that we need to encourage young people to see a third way, an alternative to that?",34179_34169,What other consequences should also be taken into account if not there is no situation in which you can write off your debts without incurring moral hazard?,What other consequences should also be taken into account if we create a situation in which you can write off your debts without incurring moral hazard?,edited,
CF_60,"Because bankruptcy used to be shameful. And I do think there is something in it
Otherwise you’ve got slavery.
I mean, if you get into debt, and you can never get out of it, that’s slavery
You’ve got to be able to start again.
 But you start again with some very strict rules and a stigma.
And being bankrupt wasn’t something – now, kind of, it’s almost as though people won’t take account of the fact they’ve got absolutely no money, and they're in debt, and they don’t want to pay it
Whereas I do feel a country can even say, “We’re going to go bankrupt. It’s humiliating. We’ll do it. We’ll start again. We’ll grow
One of my concerns is this demoralisation question
In this debate it seems to me, and actually the way Mr Cameron posed it, was you got a choice of being mollycoddled at home by your mum and dad, or you demand that you’re sustained by the State.
Don’t you think that we need to encourage young people to see a third way, an alternative to that?",34184_34182,"If a country goes bankrupt, will it's humiliating for the country occur? What evidence supports this claim? How likely are the consequences?","If a country goes bankrupt, will it be humiliating for the country? What evidence supports this claim? How likely are the consequences?",edited,
CF_60,"Because bankruptcy used to be shameful. And I do think there is something in it
Otherwise you’ve got slavery.
I mean, if you get into debt, and you can never get out of it, that’s slavery
You’ve got to be able to start again.
 But you start again with some very strict rules and a stigma.
And being bankrupt wasn’t something – now, kind of, it’s almost as though people won’t take account of the fact they’ve got absolutely no money, and they're in debt, and they don’t want to pay it
Whereas I do feel a country can even say, “We’re going to go bankrupt. It’s humiliating. We’ll do it. We’ll start again. We’ll grow
One of my concerns is this demoralisation question
In this debate it seems to me, and actually the way Mr Cameron posed it, was you got a choice of being mollycoddled at home by your mum and dad, or you demand that you’re sustained by the State.
Don’t you think that we need to encourage young people to see a third way, an alternative to that?",34184_34182,What other consequences should also be taken into account if not a country goes bankrupt?,What other consequences should also be taken into account if we don't let countries go bankrupt?,edited,
CF_60,"Because bankruptcy used to be shameful. And I do think there is something in it
Otherwise you’ve got slavery.
I mean, if you get into debt, and you can never get out of it, that’s slavery
You’ve got to be able to start again.
 But you start again with some very strict rules and a stigma.
And being bankrupt wasn’t something – now, kind of, it’s almost as though people won’t take account of the fact they’ve got absolutely no money, and they're in debt, and they don’t want to pay it
Whereas I do feel a country can even say, “We’re going to go bankrupt. It’s humiliating. We’ll do it. We’ll start again. We’ll grow
One of my concerns is this demoralisation question
In this debate it seems to me, and actually the way Mr Cameron posed it, was you got a choice of being mollycoddled at home by your mum and dad, or you demand that you’re sustained by the State.
Don’t you think that we need to encourage young people to see a third way, an alternative to that?",34183_34182,Are being bankrupt and being in debt similar in the respect cited?,Are being bankrupt and being in debt similar in the respect cited?,none,
CF_60,"Because bankruptcy used to be shameful. And I do think there is something in it
Otherwise you’ve got slavery.
I mean, if you get into debt, and you can never get out of it, that’s slavery
You’ve got to be able to start again.
 But you start again with some very strict rules and a stigma.
And being bankrupt wasn’t something – now, kind of, it’s almost as though people won’t take account of the fact they’ve got absolutely no money, and they're in debt, and they don’t want to pay it
Whereas I do feel a country can even say, “We’re going to go bankrupt. It’s humiliating. We’ll do it. We’ll start again. We’ll grow
One of my concerns is this demoralisation question
In this debate it seems to me, and actually the way Mr Cameron posed it, was you got a choice of being mollycoddled at home by your mum and dad, or you demand that you’re sustained by the State.
Don’t you think that we need to encourage young people to see a third way, an alternative to that?",34183_34182,Is you start again with some very strict rules and a stigma true in being bankrupt?,Is you start again with some very strict rules and a stigma true in being bankrupt?,wierd,
CF_60,"Because bankruptcy used to be shameful. And I do think there is something in it
Otherwise you’ve got slavery.
I mean, if you get into debt, and you can never get out of it, that’s slavery
You’ve got to be able to start again.
 But you start again with some very strict rules and a stigma.
And being bankrupt wasn’t something – now, kind of, it’s almost as though people won’t take account of the fact they’ve got absolutely no money, and they're in debt, and they don’t want to pay it
Whereas I do feel a country can even say, “We’re going to go bankrupt. It’s humiliating. We’ll do it. We’ll start again. We’ll grow
One of my concerns is this demoralisation question
In this debate it seems to me, and actually the way Mr Cameron posed it, was you got a choice of being mollycoddled at home by your mum and dad, or you demand that you’re sustained by the State.
Don’t you think that we need to encourage young people to see a third way, an alternative to that?",34183_34182,Are there differences between being bankrupt and being in debt that would tend to undermine the force of the similarity cited?,Are there differences between being bankrupt and being in debt that would tend to undermine the force of the similarity cited?,none,
CF_60,"Because bankruptcy used to be shameful. And I do think there is something in it
Otherwise you’ve got slavery.
I mean, if you get into debt, and you can never get out of it, that’s slavery
You’ve got to be able to start again.
 But you start again with some very strict rules and a stigma.
And being bankrupt wasn’t something – now, kind of, it’s almost as though people won’t take account of the fact they’ve got absolutely no money, and they're in debt, and they don’t want to pay it
Whereas I do feel a country can even say, “We’re going to go bankrupt. It’s humiliating. We’ll do it. We’ll start again. We’ll grow
One of my concerns is this demoralisation question
In this debate it seems to me, and actually the way Mr Cameron posed it, was you got a choice of being mollycoddled at home by your mum and dad, or you demand that you’re sustained by the State.
Don’t you think that we need to encourage young people to see a third way, an alternative to that?",34183_34182,"Is there some other case that is also similar to being bankrupt, but in which you start again with some very strict rules and a stigma is false?","Is there some other case that is also similar to being bankrupt, but in which you start again with some very strict rules and a stigma is false?",wierd,
CF_62,"RS: Provide that for our young people
 These are young adults; you’re kind of treating them as though they’re passive recipients of something.
 And I suppose that’s my concern; how do we encourage the young?
It’s not beyond the imagination to imagine the young might get up and go and do something about this, other than kind of sit and wait to be handed something.
Now you’re saying “Provide that for our young people”, and in a way that’s where I’m going.",35547_35545,Is there a proved relation between 'young people need to be encouraged' and 'we need to provide that for young people'?,Is there a proved relation between 'young people need to be encouraged' and 'we need to provide that for young people'?,wierd,
CF_62,"RS: Provide that for our young people
 These are young adults; you’re kind of treating them as though they’re passive recipients of something.
 And I suppose that’s my concern; how do we encourage the young?
It’s not beyond the imagination to imagine the young might get up and go and do something about this, other than kind of sit and wait to be handed something.
Now you’re saying “Provide that for our young people”, and in a way that’s where I’m going.",35547_35545,Are there any events other than young people need to be encouraged that would more reliably account for we need to provide that for young people?,Are there any events other than young people need to be encouraged that would more reliably account for we need to provide that for young people?,wierd,
Melanie_64,"Well the State has taken a moral position
that position was non-judgmentalism
and terrible harm it’s done
It’s created a lot of victims who now need help themselves, and who sometimes go on to create other victims through crime
 I think they do need help
but that help should be very carefully calibrated, to restore the capacity for independence and personal responsibility",37420_37411,"If the State has taken a moral position, will terrible harm it's done occur? What evidence supports this claim? How likely are the consequences?","If the State has taken a moral position, will there be a terrible harm? What evidence supports this claim? How likely are the consequences?",edited,
Melanie_64,"Well the State has taken a moral position
that position was non-judgmentalism
and terrible harm it’s done
It’s created a lot of victims who now need help themselves, and who sometimes go on to create other victims through crime
 I think they do need help
but that help should be very carefully calibrated, to restore the capacity for independence and personal responsibility",37420_37411,What other consequences should also be taken into account if not the State has taken a moral position?,What other consequences should also be taken into account if the State does not take a moral position?,edited,
Helen _66,"they’re not able to impose the right sort of levels
and within that bracket I would certainly put families who are living with very high levels of aggression and violence, who are terrorising communities
So, yes I’d agree with that
But I would also say that there are other families, where actually they do need a great deal of help
it’s right to intervene
and actually you can help them get back on their feet and able to parent their children effectively",37674_37668,"If you intervene, will you can help families get back on their feet and able to parent their children occur? What evidence supports this claim? How likely are the consequences?","If the state intervenes, will it be possible to help families get back on their feet and able to parent their children? What evidence supports this claim? How likely are the consequences?",edited,
Helen _66,"they’re not able to impose the right sort of levels
and within that bracket I would certainly put families who are living with very high levels of aggression and violence, who are terrorising communities
So, yes I’d agree with that
But I would also say that there are other families, where actually they do need a great deal of help
it’s right to intervene
and actually you can help them get back on their feet and able to parent their children effectively",37674_37668,What other consequences should also be taken into account if  you intervene?,What other consequences should also be taken into account if the state intervenes?,edited,
AB_68,"Indeed.
 I think there should be a careful balancing act of freedom.
Liberal societies have often known that the family can be a nexus for forms of unequal opportunity, but we don’t abolish the family.
For the same reasons we should be very circumspect in the way we intervene in families,
 if you would like to consider the concept of non domination, freedom as non domination – the non interference on arbitrary grounds in people’s important decisions – then we have to be careful that when we do intervene it’s to increase total non domination.
Which would mean not interfering simply because people are mad, sad and bad, but because they are imposing domination on their neighbours.",46580_46581,Are the intervention of the family can be the origin of unequal opportunities and the intervention of the State can be the origin of unequal opportunities similar in the respect cited?,Are the intervention of the family and the intervention of the State similar in the sense that they both can be the origin of unequal opportunities?,edited,
AB_68,"Indeed.
 I think there should be a careful balancing act of freedom.
Liberal societies have often known that the family can be a nexus for forms of unequal opportunity, but we don’t abolish the family.
For the same reasons we should be very circumspect in the way we intervene in families,
 if you would like to consider the concept of non domination, freedom as non domination – the non interference on arbitrary grounds in people’s important decisions – then we have to be careful that when we do intervene it’s to increase total non domination.
Which would mean not interfering simply because people are mad, sad and bad, but because they are imposing domination on their neighbours.",46580_46581,Is we don't abolish it true in the intervention of the family can be the origin of unequal opportunities?,Is it true that we don't abolish the intervention of the family even if it can be the origin of unequal opportunities?,edited,
AB_68,"Indeed.
 I think there should be a careful balancing act of freedom.
Liberal societies have often known that the family can be a nexus for forms of unequal opportunity, but we don’t abolish the family.
For the same reasons we should be very circumspect in the way we intervene in families,
 if you would like to consider the concept of non domination, freedom as non domination – the non interference on arbitrary grounds in people’s important decisions – then we have to be careful that when we do intervene it’s to increase total non domination.
Which would mean not interfering simply because people are mad, sad and bad, but because they are imposing domination on their neighbours.",46580_46581,Are there differences between the intervention of the family can be the origin of unequal opportunities and the intervention of the State can be the origin of unequal opportunities that would tend to undermine the force of the similarity cited?,Are there differences between the intervention of the family and the intervention of the State that would tend to undermine the force of the similarity cited?,edited,
AB_68,"Indeed.
 I think there should be a careful balancing act of freedom.
Liberal societies have often known that the family can be a nexus for forms of unequal opportunity, but we don’t abolish the family.
For the same reasons we should be very circumspect in the way we intervene in families,
 if you would like to consider the concept of non domination, freedom as non domination – the non interference on arbitrary grounds in people’s important decisions – then we have to be careful that when we do intervene it’s to increase total non domination.
Which would mean not interfering simply because people are mad, sad and bad, but because they are imposing domination on their neighbours.",46580_46581,"Is there some other case that is also similar to the intervention of the family can be the origin of unequal opportunities, but in which we don't abolish it is false?",Is there some other case that can be the origin of unequal opportunities and we do abolish?,edited,
JL_69,"So, if I want a washing machine, I have to go to the launderette every week at the moment and spend several pounds in the launderette.
But, if I buy the washing machine, on credit, I can have my own washing machine, for pretty much the same amount of money that I'm spending in the launderette
That seems to me to be beneficial
It raises living standards
And this idea of usury has been – well, it’s been fiddled, hasn’t it, over the years?
Because why did we have money lenders from one religious persuasion unable to lend to their own persuasion, but happily would lend to those of another religious persuasion?
 I don’t buy that at all
I think that credit raises living standards
It’s beneficial to people
because it allows them to fund today’s purchases out of their future income",30688_30684,"If buying a washing machine on credit, will living standards would raise occur? What evidence supports this claim? How likely are the consequences?","If buying a washing machine on credit, will living standards raise? What evidence supports this claim? How likely are the consequences?",edited,
JL_69,"So, if I want a washing machine, I have to go to the launderette every week at the moment and spend several pounds in the launderette.
But, if I buy the washing machine, on credit, I can have my own washing machine, for pretty much the same amount of money that I'm spending in the launderette
That seems to me to be beneficial
It raises living standards
And this idea of usury has been – well, it’s been fiddled, hasn’t it, over the years?
Because why did we have money lenders from one religious persuasion unable to lend to their own persuasion, but happily would lend to those of another religious persuasion?
 I don’t buy that at all
I think that credit raises living standards
It’s beneficial to people
because it allows them to fund today’s purchases out of their future income",30688_30684,What other consequences should also be taken into account if  buying a washing machine on credit?,What other consequences should also be taken into account if people buy a washing machine on credit?,edited,
JL_69,"So, if I want a washing machine, I have to go to the launderette every week at the moment and spend several pounds in the launderette.
But, if I buy the washing machine, on credit, I can have my own washing machine, for pretty much the same amount of money that I'm spending in the launderette
That seems to me to be beneficial
It raises living standards
And this idea of usury has been – well, it’s been fiddled, hasn’t it, over the years?
Because why did we have money lenders from one religious persuasion unable to lend to their own persuasion, but happily would lend to those of another religious persuasion?
 I don’t buy that at all
I think that credit raises living standards
It’s beneficial to people
because it allows them to fund today’s purchases out of their future income",30721_30715,"If people can fund today's purchases out of their future income, will people can benefit from it occur? What evidence supports this claim? How likely are the consequences?","If people can fund today's purchases out of their future income, will people benefit from it? What evidence supports this claim? How likely are the consequences?",edited,
JL_69,"So, if I want a washing machine, I have to go to the launderette every week at the moment and spend several pounds in the launderette.
But, if I buy the washing machine, on credit, I can have my own washing machine, for pretty much the same amount of money that I'm spending in the launderette
That seems to me to be beneficial
It raises living standards
And this idea of usury has been – well, it’s been fiddled, hasn’t it, over the years?
Because why did we have money lenders from one religious persuasion unable to lend to their own persuasion, but happily would lend to those of another religious persuasion?
 I don’t buy that at all
I think that credit raises living standards
It’s beneficial to people
because it allows them to fund today’s purchases out of their future income",30721_30715,What other consequences should also be taken into account if  people can fund today's purchases out of their future income?,What other consequences should also be taken into account if  people can fund today's purchases out of their future income?,none,